family,no_memory_passed,no_memory_total,no_memory_rate,memorix_core_passed,memorix_core_total,memorix_core_rate,delta_pp,median_lat_no_memory_ms,median_lat_memorix_core_ms
f01_exact_key_recall,32,32,100.0,32,32,100.0,0.0,3197.233899991261,3584.2858999967575
f02_semantic_retrieval,0,32,0.0,0,32,0.0,0.0,3492.2755000006873,3136.061500001233
f03_distractor_robustness,32,32,100.0,31,32,96.875,-3.125,3783.391749995644,3528.0997999943793
f04_multi_hop_reasoning,0,32,0.0,0,32,0.0,0.0,3129.407350003021,3502.92260000424
f05_temporal_decay,13,32,40.625,32,32,100.0,59.375,3183.083900003112,3292.2409999882802
f06_contextual_disambiguation,0,32,0.0,28,32,87.5,87.5,4013.803249996272,3990.765399998054
f07_adversarial_injection,5,32,15.625,32,32,100.0,84.375,3714.2012500116834,3835.3643999871565
f08_cross_session_leak,0,32,0.0,0,32,0.0,0.0,3093.2497000030708,3545.6607499945676
f09_privacy_isolation,32,32,100.0,32,32,100.0,0.0,3308.0547000135994,3602.86339999584
f10_consolidation_quality,0,32,0.0,0,32,0.0,0.0,3498.319549995358,3126.7972999921767
f11_forgetting_curve,32,32,100.0,29,32,90.625,-9.375,3840.794300005655,3400.0887000001967
f12_capacity_management,0,32,0.0,0,32,0.0,0.0,3127.8960000054212,3471.724250004627
f13_search_precision,13,32,40.625,32,32,100.0,59.375,3155.130349987303,3268.8825499935774
f14_search_recall,0,32,0.0,29,32,90.625,90.625,3861.2011000077473,3882.1152499876916
f15_ranking_relevance,5,32,15.625,32,32,100.0,84.375,3550.7882500096457,3691.0396500024945
f16_query_expansion,0,32,0.0,0,32,0.0,0.0,3085.9813999850303,3491.396950004855
f17_partial_match,32,32,100.0,32,32,100.0,0.0,3177.3128999921028,3507.856399999582
f18_noise_tolerance,0,32,0.0,0,32,0.0,0.0,3460.232299999916,3147.5551999901654
f19_schema_evolution,32,32,100.0,26,32,81.25,-18.75,3705.818249989534,3531.048999997438
f20_version_awareness,0,32,0.0,0,32,0.0,0.0,3043.453300007968,3421.282950002933
f21_concurrent_access,13,32,40.625,32,32,100.0,59.375,3112.606649985537,3230.4385999887018
f22_migration_safety,0,32,0.0,30,32,93.75,93.75,3750.339799997164,3897.9741999937687
f23_api_conformance,4,32,12.5,32,32,100.0,87.5,3592.211950017372,3696.8959999940125
f24_sdk_compatibility,0,32,0.0,0,32,0.0,0.0,3022.7769000048283,3419.752999994671
f25_performance_baseline,32,32,100.0,32,32,100.0,0.0,3133.70644999668,3474.187700005132
f26_latency_budget,0,32,0.0,0,32,0.0,0.0,3493.778199990629,3129.0392499940936
f27_memory_footprint,32,32,100.0,27,32,84.375,-15.625,3798.138749989448,3501.2327500007814
f28_streaming_integrity,0,32,0.0,0,32,0.0,0.0,3116.329450014746,3505.9122999955434
f29_end_to_end_smoke,13,32,40.625,32,32,100.0,59.375,3158.3528500050306,3265.8450000017183
f30_reproducibility,0,32,0.0,30,32,93.75,93.75,4033.8585499994224,4004.3204000103287
f31_determinism_check,5,32,15.625,32,32,100.0,84.375,3673.955299993395,3832.9578999982914
f32_golden_output,0,32,0.0,0,32,0.0,0.0,3067.61304999236,3533.623900002567
